model,accuracy,fail_ratio
Mistral v3 zero shot,0.6133333333333333,0.38666666666666666
Mistral v3 2 shot,0.6066666666666667,0.3933333333333333
Mistral v3 4 shot,0.6566666666666666,0.3433333333333333
Mistral v3 8 shot,0.6133333333333333,0.38666666666666666
Llama3 zero shot,0.6433333333333333,0.3566666666666667
Llama3 zero shot,0.6433333333333333,0.3566666666666667
Llama3 2 shot,0.6366666666666667,0.36333333333333334
llama3 4 shot,0.6933333333333334,0.30666666666666664
Llama3 8 shot,0.64,0.36
